query_date,flight_type,region,route_point,scheduled_time,actual_time,delay_minutes,status,status_code,flight_numbers,airline_codes,terminal,gate,stand,hall,baggage_belt,check_in,transfer_desk
2026-06-06,departure,South Korea,ICN,2026-06-06 00:05,2026-06-06 00:09,4,Dep 00:09,,ZE 862,ESR,T1,20,,,,J,
2026-06-06,arrival,South Korea,ICN,2026-06-06 00:15,2026-06-06 00:24,9,At gate 00:24,,BX 3935,ABL,,,W40,A,8,,
2026-06-06,departure,South Korea,ICN,2026-06-06 00:35,2026-06-06 01:12,37,Dep 01:12,,7C 6014; H1 9933,JJA; HHN,T2,523,,,,V,
2026-06-06,arrival,Japan,KIX,2026-06-06 00:40,2026-06-06 00:24,-16,At gate 00:24,,UO 863; CX 5863,HKE; CPA,,,W121L,A,10,,
2026-06-06,departure,South Korea,ICN,2026-06-06 00:45,2026-06-06 00:48,3,Dep 00:48,,KE 2012; DL 7774; VS 5516; WS 6036; AC 6299,KAL; DAL; VIR; WJA; ACA,T1,11,,,,G,
2026-06-06,arrival,Japan,NRT,2026-06-06 00:55,2026-06-06 00:55,0,At gate 00:55,,HX 631; TK 8869,CRK; THY,,,D201,A,7,,
2026-06-06,departure,UK,MAN,2026-06-06 00:55,2026-06-06 00:59,4,Dep 00:59,,CX 259,CPA,T1,69,,,,BC,
2026-06-06,departure,Japan,NRT,2026-06-06 00:55,2026-06-06 01:45,50,Dep 01:45,,GK 028,JJP,T1,521,,,,F,
2026-06-06,departure,Japan,KIX,2026-06-06 00:55,2026-06-06 00:52,-3,Dep 00:52,,MM 068,APJ,T1,19,,,,K,
2026-06-06,departure,Japan,NRT,2026-06-06 01:15,2026-06-06 01:05,-10,Dep 01:05,,UO 854,HKE,T1,203,,,,H,
2026-06-06,arrival,South Korea,ICN,2026-06-06 01:20,2026-06-06 00:43,-37,At gate 00:43,,UO 627,HKE,,,D305L,A,9,,
2026-06-06,departure,Japan,NRT,2026-06-06 01:20,2026-06-06 01:42,22,Dep 01:42,,CX 524; QR 5844; JL 7040; AA 8884,CPA; QTR; JAL; AAL,T1,68,,,,A,
2026-06-06,departure,South Korea,ICN,2026-06-06 01:25,2026-06-06 01:23,-2,Dep 01:23,,BX 3945,ABL,T1,40,,,,D,
2026-06-06,arrival,Japan,NRT,2026-06-06 01:30,2026-06-06 01:14,-16,At gate 01:14,,UO 653,HKE,,,D311,A,8,,
2026-06-06,departure,South Korea,ICN,2026-06-06 01:40,2026-06-06 01:34,-6,Dep 01:34,,OZ 746; HX 1566,AAR; CRK,T1,10,,,,E,
2026-06-06,departure,Japan,KIX,2026-06-06 01:55,2026-06-06 01:52,-3,Dep 01:52,,CX 566; QR 5838; JL 7050,CPA; QTR; JAL,T1,44,,,,A,
2026-06-06,departure,South Korea,CJU,2026-06-06 02:00,2026-06-06 02:05,5,Dep 02:05,,LJ 714,JNA,T1,522,,,,D,
2026-06-06,departure,South Korea,CJU,2026-06-06 02:30,2026-06-06 02:21,-9,Dep 02:21,,UO 698; CX 5698,HKE; CPA,T1,210,,,,H,
2026-06-06,departure,Japan,NRT,2026-06-06 02:35,2026-06-06 02:34,-1,Dep 02:34,,HX 606; TK 9204,CRK; THY,T2,202,,,,R,
2026-06-06,departure,South Korea,PUS,2026-06-06 02:35,2026-06-06 02:39,4,Dep 02:39,,UO 604; CX 5604,HKE; CPA,T1,217,,,,H,
2026-06-06,departure,Japan,KIX,2026-06-06 02:50,2026-06-06 03:25,35,Dep 03:25,,HX 616; TK 9211; EY 6810,CRK; THY; ETD,T2,211,,,,R,
2026-06-06,arrival,Japan,HND,2026-06-06 04:40,2026-06-06 04:45,5,At gate 04:45,,UO 623; CX 5623,HKE; CPA,,,D217,A,8,,
2026-06-06,arrival,South Korea,ICN,2026-06-06 04:45,2026-06-06 05:17,32,At gate 05:17,,CX 427; QF 8219; AA 8892,CPA; QFA; AAL,,,R19,A,6,,
2026-06-06,arrival,Japan,HND,2026-06-06 05:15,2026-06-06 05:00,-15,At gate 05:00,,NH 813,ANA,,,N28,A,7,,
2026-06-06,arrival,South Korea,ICN,2026-06-06 05:25,2026-06-06 05:05,-20,At gate 05:05,,UO 615; CX 5615,HKE; CPA,,,D316,A,10,,
2026-06-06,arrival,South Korea,ICN,2026-06-06 05:45,2026-06-06 05:13,-32,At gate 05:13,,HX 627; OZ 9295,CRK; AAR,,,D202,A,9,,
2026-06-06,arrival,Japan,HND,2026-06-06 06:00,2026-06-06 05:52,-8,At gate 05:52,,UO 629; CX 5629,HKE; CPA,,,D301R,A,2,,
2026-06-06,arrival,UK,MAN,2026-06-06 06:35,2026-06-06 07:05,30,At gate 07:05,,CX 216,CPA,,,W61,B,12,,
2026-06-06,departure,Japan,OKA,2026-06-06 07:00,2026-06-06 06:56,-4,Dep 06:56,,UO 842; CX 5842,HKE; CPA,T1,511,,,,H,
2026-06-06,departure,Japan,KIX,2026-06-06 07:05,2026-06-06 10:27,202,Dep 10:27,,UO 850,HKE,T1,230,,,,H,
2026-06-06,departure,South Korea,ICN,2026-06-06 07:15,2026-06-06 07:10,-5,Dep 07:10,,UO 618,HKE,T1,217,,,,H,
2026-06-06,departure,Japan,FUK,2026-06-06 07:30,2026-06-06 07:21,-9,Dep 07:21,,HB 308,HGB,T2,206,,,,S,
2026-06-06,departure,Japan,FUK,2026-06-06 07:35,2026-06-06 07:36,1,Dep 07:36,,UO 600,HKE,T1,523,,,,H,
2026-06-06,arrival,UK,LHR,2026-06-06 07:50,2026-06-06 07:34,-16,At gate 07:34,,CX 252,CPA,,,N26,B,16,,
2026-06-06,departure,South Korea,ICN,2026-06-06 07:55,2026-06-06 07:49,-6,Dep 07:49,,CX 434; QR 3498; AA 8959,CPA; QTR; AAL,T1,34,,,,D,
2026-06-06,departure,UK,LHR,2026-06-06 08:05,2026-06-06 08:10,5,Dep 08:10,,CX 257,CPA,T1,67,,,,BC,
2026-06-06,departure,Japan,TPE; KIX,2026-06-06 08:10,2026-06-06 08:07,-3,Dep 08:07,,CX 564; JL 7054,CPA; JAL,T1,4,,,,E,
2026-06-06,departure,Japan,KIX,2026-06-06 08:10,2026-06-06 08:24,14,Dep 08:24,,CX 596; QR 5826; JL 7028,CPA; QTR; JAL,T1,33,,,,D,
2026-06-06,departure,Japan,FUK,2026-06-06 08:15,2026-06-06 08:14,-1,Dep 08:14,,CX 512; QR 5849; JL 7068,CPA; QTR; JAL,T1,13,,,,D,
2026-06-06,departure,Japan,NRT,2026-06-06 08:15,2026-06-06 08:19,4,Dep 08:19,,CX 526; QR 5840; JL 7026; FJ 5478; AA 8956,CPA; QTR; JAL; FJI; AAL,T1,24,,,,F,
2026-06-06,departure,Japan,KIX,2026-06-06 08:15,2026-06-06 08:07,-8,Dep 08:07,,HB 340,HGB,T2,204,,,,S,
2026-06-06,departure,Japan,NRT,2026-06-06 08:30,2026-06-06 08:26,-4,Dep 08:26,,HX 604; TK 9202,CRK; THY,T2,210,,,,R,
2026-06-06,departure,Japan,TPE; NGO,2026-06-06 08:35,2026-06-06 08:32,-3,Dep 08:32,,CX 530; JL 7034,CPA; JAL,T1,11,,,,E,
2026-06-06,departure,Japan,HND,2026-06-06 08:40,2026-06-06 08:39,-1,Dep 08:39,,CX 548; QR 5820; JL 7030,CPA; QTR; JAL,T1,62,,,,F,
2026-06-06,departure,Japan,KIX,2026-06-06 08:45,2026-06-06 08:53,8,Dep 08:53,,HX 614; TK 8866; EY 6809,CRK; THY; ETD,T2,202,,,,R,
2026-06-06,departure,South Korea,ICN,2026-06-06 08:45,2026-06-06 09:03,18,Dep 09:03,,HX 628; OZ 9294,CRK; AAR,T2,228,,,,R,
2026-06-06,departure,Japan,CTS,2026-06-06 08:45,2026-06-06 08:48,3,Dep 08:48,,HX 690; EY 6800,CRK; ETD,T2,205,,,,R,
2026-06-06,departure,Japan,KIX,2026-06-06 08:45,2026-06-06 08:42,-3,Dep 08:42,,UO 686,HKE,T1,511,,,,H,
2026-06-06,departure,Japan,NRT,2026-06-06 09:05,2026-06-06 09:15,10,Dep 09:15,,CX 504; QR 5846; JL 7042; AA 8880,CPA; QTR; JAL; AAL,T1,36,,,,F,
2026-06-06,departure,Japan,NRT,2026-06-06 09:05,2026-06-06 09:16,11,Dep 09:16,,HB 320,HGB,T2,208,,,,S,
2026-06-06,departure,Japan,CTS,2026-06-06 09:05,2026-06-06 09:03,-2,Dep 09:03,,HB 880,HGB,T2,211,,,,S,
2026-06-06,departure,Japan,NRT,2026-06-06 09:10,2026-06-06 09:11,1,Dep 09:11,,HX 608; TK 9206,CRK; THY,T2,216,,,,R,
2026-06-06,departure,South Korea,PUS,2026-06-06 09:10,2026-06-06 09:16,6,Dep 09:16,,UO 674; CX 5674,HKE; CPA,T1,218,,,,H,
2026-06-06,departure,Japan,CTS,2026-06-06 09:15,2026-06-06 09:25,10,Dep 09:25,,CX 580; QF 8215; QR 5804; JL 7062,CPA; QFA; QTR; JAL,T1,30,,,,F,
2026-06-06,departure,Japan,NRT,2026-06-06 09:15,2026-06-06 09:30,15,Dep 09:30,,UO 848,HKE,T1,217,,,,H,
2026-06-06,departure,South Korea,ICN,2026-06-06 09:25,2026-06-06 09:31,6,Dep 09:31,,CX 410; QF 8223; AA 8887,CPA; QFA; AAL,T1,46,,,,D,
2026-06-06,departure,Japan,NRT,2026-06-06 09:30,2026-06-06 09:45,15,Dep 09:45,,NH 812; AC 6287; NZ 4148; UA 7988,ANA; ACA; ANZ; UAL,T1,28,,,,E,
2026-06-06,arrival,South Korea,CJU,2026-06-06 09:40,2026-06-06 09:27,-13,At gate 09:27,,UO 699; CX 5699,HKE; CPA,,,D203,B,17,,
2026-06-06,departure,South Korea,ICN,2026-06-06 09:45,2026-06-06 11:12,87,Dep 11:12,,UO 630,HKE,T1,,,,,H,
2026-06-06,departure,Japan,TPE; NRT,2026-06-06 09:55,2026-06-06 10:10,15,Dep 10:10,,CX 450; JL 7044,CPA; JAL,T1,34,,,,E,
2026-06-06,departure,South Korea,TAE,2026-06-06 10:00,2026-06-06 10:10,10,Dep 10:10,,UO 832; CX 5832,HKE; CPA,T1,207,,,,H,
2026-06-06,departure,Japan,NGO,2026-06-06 10:10,2026-06-06 10:42,32,Dep 10:42,,CX 536; QF 8213; QR 8371; JL 7036,CPA; QFA; QTR; JAL,T1,4,,,,D,
2026-06-06,arrival,Japan,HND,2026-06-06 10:15,2026-06-06 10:08,-7,At gate 10:08,,UO 625; CX 5625,HKE; CPA,,,D218,B,15,,
2026-06-06,arrival,South Korea,PUS,2026-06-06 10:20,2026-06-06 10:39,19,At gate 10:39,,UO 607; CX 5607,HKE; CPA,,,D211,B,16,,
2026-06-06,departure,Japan,FUK,2026-06-06 10:20,2026-06-06 10:29,9,Dep 10:29,,HX 640; EY 6807,CRK; ETD,T2,201,,,,R,
2026-06-06,departure,Japan,KIX,2026-06-06 10:25,2026-06-06 10:55,30,Dep 10:55,,CX 506; QR 5822; JL 7052,CPA; QTR; JAL,T1,35,,,,D,
2026-06-06,departure,Japan,NRT,2026-06-06 10:30,2026-06-06 11:29,59,Dep 11:29,,JL 736; AA 8418; AS 7330; CX 6322; MH 9120; TN 1901; WS 5911,JAL; AAL; ASA; CPA; MAS; THT; WJA,T1,27,,,,G,
2026-06-06,departure,Japan,NRT,2026-06-06 10:35,2026-06-06 10:50,15,Dep 10:50,,UO 870,HKE,T1,228,,,,H,
2026-06-06,departure,Japan,NRT,2026-06-06 10:40,2026-06-06 12:05,85,Dep 12:05,,CX 520; QR 5828; JL 7046; AA 8882,CPA; QTR; JAL; AAL,T1,65,,,,F,
2026-06-06,arrival,South Korea,ICN,2026-06-06 10:50,2026-06-06 10:50,0,At gate 10:50,,CX 413; QF 8228; QR 3488; AA 8896,CPA; QFA; QTR; AAL,,,N70,A,2,,
2026-06-06,departure,Japan,NGO,2026-06-06 10:50,2026-06-06 11:19,29,Dep 11:19,,UO 690; CX 5690,HKE; CPA,T1,203,,,,H,
2026-06-06,arrival,South Korea,ICN,2026-06-06 10:55,2026-06-06 10:57,2,At gate 10:57,,KE 2001; WS 6075; DL 7771,KAL; WJA; DAL,,,N24,A,6,,
2026-06-06,departure,Japan,KIX,2026-06-06 10:55,2026-06-06 11:05,10,Dep 11:05,,HX 618; TK 8876; EY 6811,CRK; THY; ETD,T2,215,,,,R,
2026-06-06,departure,Japan,FUK,2026-06-06 10:55,2026-06-06 11:33,38,Dep 11:33,,UO 668,HKE,T1,218,,,,H,
2026-06-06,departure,Japan,FUK,2026-06-06 11:00,2026-06-06 11:52,52,Dep 11:52,,CX 588; QR 3496; JL 7058,CPA; QTR; JAL,T1,60,,,,D,
2026-06-06,departure,UK,LHR,2026-06-06 11:05,2026-06-06 11:26,21,Dep 11:26,,CX 239,CPA,T1,25,,,,BC,
2026-06-06,departure,Japan,NRT,2026-06-06 11:15,2026-06-06 11:54,39,Dep 11:54,,HB 322,HGB,T2,210,,,,S,
2026-06-06,departure,Japan,OKA,2026-06-06 11:20,2026-06-06 11:35,15,Dep 11:35,,HX 658; EY 6816,CRK; ETD,T2,217,,,,R,
2026-06-06,arrival,Japan,KIX,2026-06-06 11:40,2026-06-06 11:45,5,At gate 11:45,,MM 063,APJ,,,S47,A,3,,
2026-06-06,arrival,South Korea,ICN,2026-06-06 11:40,2026-06-06 12:46,66,At gate 12:46,,OZ 721; HX 1551,AAR; CRK,,,S11,A,3,,
2026-06-06,arrival,South Korea,ICN,2026-06-06 11:55,2026-06-06 12:47,52,At gate 12:47,,TW 643,TWB,,,S35,B,14,,
2026-06-06,arrival,Japan,NRT,2026-06-06 11:55,2026-06-06 13:05,70,At gate 13:05,,UO 857; CX 5857,HKE; CPA,,,D214,B,15,,
2026-06-06,arrival,Japan,KIX,2026-06-06 12:15,2026-06-06 12:12,-3,At gate 12:12,,CX 597; QR 5823; JL 7029,CPA; QTR; JAL,,,S1,B,17,,
2026-06-06,departure,South Korea,ICN,2026-06-06 12:20,2026-06-06 12:29,9,Dep 12:29,,KE 2002; DL 7772; WS 6034; AC 6297,KAL; DAL; WJA; ACA,T1,24,,,,G,
2026-06-06,arrival,Japan,HND,2026-06-06 12:25,2026-06-06 13:01,36,At gate 13:01,,NH 859; UA 7907,ANA; UAL,,,N28,B,12,,
2026-06-06,arrival,UK,LHR,2026-06-06 12:35,2026-06-06 12:51,16,At gate 12:51,,CX 238,CPA,,,N9,A,9,,
2026-06-06,departure,Japan,FUK,2026-06-06 12:35,2026-06-06 12:43,8,Dep 12:43,,UO 638; CX 5638,HKE; CPA,T1,211,,,,H,
2026-06-06,departure,Japan,KIX,2026-06-06 12:40,2026-06-06 12:52,12,Dep 12:52,,MM 064,APJ,T1,47,,,,K,
2026-06-06,departure,South Korea,ICN,2026-06-06 13:00,2026-06-06 13:40,40,Dep 13:40,,OZ 722; HX 1552,AAR; CRK,T1,11,,,,E,
2026-06-06,arrival,Japan,KIX,2026-06-06 13:05,2026-06-06 13:40,35,At gate 13:40,,CX 503; JL 7051; QR 5835,CPA; JAL; QTR,,,W61,A,3,,
2026-06-06,arrival,Japan,KIX,2026-06-06 13:10,2026-06-06 13:49,39,At gate 13:49,,HX 617; TK 9212; EY 6814,CRK; THY; ETD,,,D219,B,16,,
2026-06-06,arrival,Japan,NRT,2026-06-06 13:15,2026-06-06 14:20,65,At gate 14:20,,CX 509; QR 5857; JL 7041; FJ 5475; AA 8939,CPA; QTR; JAL; FJI; AAL,,,S43,B,14,,
2026-06-06,departure,South Korea,ICN,2026-06-06 13:15,2026-06-06 13:43,28,Dep 13:43,,TW 644,TWB,T1,35,,,,D,
2026-06-06,arrival,Japan,OKA,2026-06-06 13:20,2026-06-06 13:55,35,At gate 13:55,,UO 843,HKE,,,D202,B,15,,
2026-06-06,departure,Japan,KIX,2026-06-06 13:20,2026-06-06 13:20,0,Dep 13:20,,CX 598; JL 7938,CPA; JAL,T1,15,,,,A,
2026-06-06,departure,UK,LHR,2026-06-06 13:25,2026-06-06 13:50,25,Dep 13:50,,CX 253,CPA,T1,26,,,,BC,
2026-06-06,arrival,Japan,NRT,2026-06-06 13:30,2026-06-06 14:22,52,At gate 14:22,,HX 607; TK 9205,CRK; THY,,,D201,A,7,,
2026-06-06,arrival,Japan,HND,2026-06-06 13:30,2026-06-06 14:29,59,At gate 14:29,,JL 029; AS 7333; CX 6321,JAL; ASA; CPA,,,N6,B,17,,
2026-06-06,arrival,Japan,HND,2026-06-06 13:50,2026-06-06 14:55,65,At gate 14:55,,CX 543; QR 5841; JL 7031,CPA; QTR; JAL,,,S35,B,16,,
2026-06-06,arrival,UK,LHR,2026-06-06 14:10,2026-06-06 14:07,-3,At gate 14:07,,CX 250,CPA,,,S31,A,2,,
2026-06-06,departure,Japan,KIX,2026-06-06 14:20,2026-06-06 14:27,7,Dep 14:27,,HX 612; TK 9200; EY 6808,CRK; THY; ETD,T2,207,,,,R,
2026-06-06,departure,Japan,NRT,2026-06-06 14:20,2026-06-06 14:35,15,Dep 14:35,,HX 630; TK 8868,CRK; THY,T2,211,,,,R,
2026-06-06,departure,South Korea,ICN,2026-06-06 14:25,2026-06-06 14:20,-5,Dep 14:20,,CX 418; QR 8370,CPA; QTR,T1,68,,,,A,
2026-06-06,departure,Japan,OKA,2026-06-06 14:25,2026-06-06 14:18,-7,Dep 14:18,,UO 844; CX 5844,HKE; CPA,T1,217,,,,H,
2026-06-06,departure,Japan,HND,2026-06-06 14:45,2026-06-06 14:44,-1,Dep 14:44,,NH 860; UA 7918,ANA; UAL,T1,28,,,,E,
2026-06-06,departure,Japan,KIX,2026-06-06 14:55,2026-06-06 14:59,4,Dep 14:59,,UO 688; CX 5688,HKE; CPA,T1,218,,,,H,
2026-06-06,departure,Japan,FUK,2026-06-06 15:05,2026-06-06 15:13,8,Dep 15:13,,UO 694; CX 5694,HKE; CPA,T1,202,,,,H,
2026-06-06,departure,Japan,NRT,2026-06-06 15:10,2026-06-06 15:05,-5,Dep 15:05,,UO 652,HKE,T1,205,,,,H,
2026-06-06,departure,Japan,HND,2026-06-06 15:15,2026-06-06 16:29,74,Dep 16:29,,JL 026; AS 7332; CX 6320,JAL; ASA; CPA,T1,6,,,,G,
2026-06-06,departure,Japan,NRT,2026-06-06 15:20,2026-06-06 15:23,3,Dep 15:23,,CX 500; QR 5852; JL 7048; AA 8928,CPA; QTR; JAL; AAL,T1,61,,,,A,
2026-06-06,arrival,UK,LHR,2026-06-06 15:25,2026-06-06 15:22,-3,At gate 15:22,,BA 031; IB 3524,BAW; IBE,,,N66,A,5,,
2026-06-06,arrival,Japan,FUK,2026-06-06 15:35,2026-06-06 15:44,9,At gate 15:44,,UO 601; CX 5601,HKE; CPA,,,D210,B,16,,
2026-06-06,arrival,South Korea,ICN,2026-06-06 15:35,2026-06-06 15:54,19,At gate 15:54,,UO 619; CX 5619,HKE; CPA,,,D207,B,15,,
2026-06-06,arrival,Japan,FUK,2026-06-06 15:40,2026-06-06 16:09,29,At gate 16:09,,HB 309,HGB,,,D303,A,7,,
2026-06-06,arrival,UK,LHR,2026-06-06 15:45,2026-06-06 15:50,5,At gate 15:50,,CX 256,CPA,,,S2,B,13,,
2026-06-06,departure,Japan,OKA,2026-06-06 15:50,2026-06-06 16:13,23,Dep 16:13,,UO 824; CX 5824,HKE; CPA,T1,214,,,,H,
2026-06-06,departure,Japan,KIX,2026-06-06 15:50,2026-06-06 15:49,-1,Dep 15:49,,UO 862; CX 5862,HKE; CPA,T1,215,,,,H,
2026-06-06,arrival,Japan,KIX,2026-06-06 15:55,2026-06-06 19:54,239,At gate 19:54,,UO 851; CX 5851,HKE; CPA,,,D218,B,17,,
2026-06-06,departure,Japan,NGO,2026-06-06 16:15,2026-06-06 16:25,10,Dep 16:25,,CX 532; QF 8211; QR 5824; JL 7038,CPA; QFA; QTR; JAL,T1,13,,,,A,
2026-06-06,arrival,South Korea,ICN,2026-06-06 16:20,2026-06-06 16:26,6,At gate 16:26,,KE 2005; DL 7909; VS 5547,KAL; DAL; VIR,,,N28,B,16,,
2026-06-06,departure,Japan,HND,2026-06-06 16:20,2026-06-06 16:35,15,Dep 16:35,,CX 542; QR 5842; JL 7032,CPA; QTR; JAL,T1,29,,,,A,
2026-06-06,arrival,South Korea,ICN,2026-06-06 16:30,2026-06-06 16:39,9,At gate 16:39,,CX 439; QR 5829; QF 8232,CPA; QTR; QFA,,,N7,A,8,,
2026-06-06,departure,Japan,KIX,2026-06-06 16:30,2026-06-06 16:51,21,Dep 16:51,,CX 502; QR 5808; JL 7056,CPA; QTR; JAL,T1,24,,,,A,
2026-06-06,arrival,Japan,FUK,2026-06-06 16:45,2026-06-06 16:50,5,At gate 16:50,,CX 513; QR 3486; JL 7069,CPA; QTR; JAL,,,R20,B,17,,
2026-06-06,arrival,South Korea,PUS,2026-06-06 16:55,2026-06-06 16:43,-12,At gate 16:43,,UO 675; CX 5675,HKE; CPA,,,D206,A,7,,
2026-06-06,departure,South Korea,ICN,2026-06-06 16:55,2026-06-06 16:49,-6,Dep 16:49,,UO 626,HKE,T1,210,,,,H,
2026-06-06,arrival,Japan,KIX,2026-06-06 17:15,2026-06-06 17:35,20,At gate 17:35,,HB 341,HGB,,,D309L,B,15,,
2026-06-06,arrival,Japan,KIX,2026-06-06 17:35,2026-06-06 17:41,6,At gate 17:41,,UO 687; CX 5687,HKE; CPA,,,D210,A,6,,
2026-06-06,departure,Japan,HND,2026-06-06 17:35,2026-06-06 17:38,3,Dep 17:38,,UO 622; CX 5622,HKE; CPA,T1,208,,,,H,
2026-06-06,departure,South Korea,ICN,2026-06-06 17:40,2026-06-06 17:46,6,Dep 17:46,,CX 430; QF 8227; QR 5832; AA 8951,CPA; QFA; QTR; AAL,T1,7,,,,A,
2026-06-06,arrival,Japan,KIX,2026-06-06 17:50,2026-06-06 18:26,36,At gate 18:26,,HX 615; TK 8867; EY 6813,CRK; THY; ETD,,,D207,B,15,,
2026-06-06,arrival,South Korea,ICN,2026-06-06 17:50,2026-06-06 17:24,-26,At gate 17:24,,HX 629; OZ 9293,CRK; AAR,,,D201,A,7,,
2026-06-06,departure,South Korea,ICN,2026-06-06 17:55,2026-06-06 17:58,3,Dep 17:58,,KE 2006; DL 7914,KAL; DAL,T1,28,,,,G,
2026-06-06,arrival,UK,LHR,2026-06-06 18:00,2026-06-06 17:29,-31,At gate 17:29,,CX 254,CPA,,,W46,B,17,,
2026-06-06,arrival,South Korea,ICN,2026-06-06 18:00,2026-06-06 18:07,7,At gate 18:07,,CX 411; QR 3499; QF 8224; AA 8894,CPA; QTR; QFA; AAL,,,S47,A,2,,
2026-06-06,arrival,Japan,OKA,2026-06-06 18:00,2026-06-06 18:10,10,At gate 18:10,,HX 659; EY 6826,CRK; ETD,,,D319,A,7,,
2026-06-06,arrival,South Korea,TAE,2026-06-06 18:10,2026-06-06 17:57,-13,At gate 17:57,,UO 833; CX 5833,HKE; CPA,,,D219,A,6,,
2026-06-06,arrival,South Korea,ICN,2026-06-06 18:15,2026-06-06 19:40,85,At gate 19:40,,UO 631,HKE,,,D304L,B,17,,
2026-06-06,arrival,Japan,FUK,2026-06-06 18:45,2026-06-06 19:21,36,At gate 19:21,,HX 641; EY 6806,CRK; ETD,,,D318,B,14,,
2026-06-06,arrival,Japan,NRT,2026-06-06 18:50,2026-06-06 18:36,-14,At gate 18:36,,CX 527; QR 5803; JL 7025,CPA; QTR; JAL,,,N5,A,5,,
2026-06-06,arrival,Japan,FUK,2026-06-06 19:00,2026-06-06 20:21,81,At gate 20:21,,UO 669,HKE,,,D305L,B,13,,
2026-06-06,arrival,Japan,NRT,2026-06-06 19:20,2026-06-06 19:34,14,At gate 19:34,,HX 605; TK 9203,CRK; THY,,,D205,A,6,,
2026-06-06,arrival,Japan,FUK,2026-06-06 19:25,2026-06-06 20:10,45,At gate 20:10,,CX 589; QR 5807; JL 7057,CPA; QTR; JAL,,,W50,A,2,,
2026-06-06,arrival,Japan,NGO,2026-06-06 19:30,2026-06-06 19:54,24,At gate 19:54,,CX 539; QF 8258; QR 5855; JL 7035,CPA; QFA; QTR; JAL,,,N32,A,3,,
2026-06-06,arrival,Japan,NRT,2026-06-06 19:40,2026-06-06 19:57,17,At gate 19:57,,UO 849,HKE,,,D202,A,7,,
2026-06-06,arrival,Japan,NRT,2026-06-06 19:45,2026-06-06 20:35,50,At gate 20:35,,HB 321,HGB,,,D210,B,13,,
2026-06-06,departure,South Korea,ICN,2026-06-06 19:45,2026-06-06 20:10,25,Dep 20:10,,CX 426; QF 8233; AA 8905,CPA; QFA; AAL,T1,17,,,,A,
2026-06-06,arrival,Japan,HND,2026-06-06 20:00,2026-06-06 20:29,29,At gate 20:29,,CX 549; QR 5843; JL 7039,CPA; QTR; JAL,,,N24,A,3,,
2026-06-06,arrival,Japan,NRT,2026-06-06 20:00,2026-06-06 20:25,25,At gate 20:25,,HX 609; TK 9207,CRK; THY,,,D212,B,14,,
2026-06-06,arrival,Japan,NGO,2026-06-06 20:00,2026-06-06 20:54,54,At gate 20:54,,UO 691,HKE,,,D306L,B,12,,
2026-06-06,departure,Japan,HND,2026-06-06 20:00,2026-06-06 20:42,42,Dep 20:42,,UO 628; CX 5628,HKE; CPA,T1,218,,,,H,
2026-06-06,arrival,Japan,KIX,2026-06-06 20:20,2026-06-06 20:42,22,At gate 20:42,,HX 619; TK 8875; EY 6815,CRK; THY; ETD,,,D317,B,12,,
2026-06-06,arrival,Japan,CTS,2026-06-06 20:35,2026-06-06 20:52,17,At gate 20:52,,HB 881,HGB,,,D308L,B,17,,
2026-06-06,arrival,Japan,OKA,2026-06-06 20:35,2026-06-06 20:27,-8,At gate 20:27,,UO 845; CX 5845,HKE; CPA,,,W126,A,9,,
2026-06-06,arrival,Japan,FUK,2026-06-06 20:40,2026-06-06 20:32,-8,At gate 20:32,,UO 639,HKE,,,D204,B,15,,
2026-06-06,arrival,Japan,CTS,2026-06-06 20:45,2026-06-06 21:01,16,At gate 21:01,,HX 691; EY 6801,CRK; ETD,,,D215,B,13,,
2026-06-06,arrival,Japan,KIX,2026-06-06 20:50,2026-06-06 20:57,7,At gate 20:57,,CX 507; QR 5801; JL 7059,CPA; QTR; JAL,,,S29,B,16,,
2026-06-06,arrival,Japan,CTS,2026-06-06 20:55,2026-06-06 21:25,30,At gate 21:25,,CX 581; QF 8242; QR 3495; JL 7061,CPA; QFA; QTR; JAL,,,S3,B,16,,
2026-06-06,arrival,Japan,NRT,2026-06-06 21:00,2026-06-06 21:25,25,At gate 21:25,,UO 871; CX 5871,HKE; CPA,,,W121L,A,5,,
2026-06-06,departure,South Korea,ICN,2026-06-06 21:00,2026-06-06 20:55,-5,Dep 20:55,,UO 614; CX 5614,HKE; CPA,T1,206,,,,H,
2026-06-06,arrival,Japan,NRT,2026-06-06 21:10,2026-06-06 22:52,102,At gate 22:52,,CX 521; QR 5859; JL 7047; AA 8883,CPA; QTR; JAL; AAL,,,N34,A,10,,
2026-06-06,arrival,Japan,NRT,2026-06-06 21:35,2026-06-06 22:37,62,At gate 22:37,,HB 323,HGB,,,D218,B,14,,
2026-06-06,arrival,Japan,KIX,2026-06-06 21:40,2026-06-06 21:56,16,At gate 21:56,,CX 595; QR 5815; JL 7067,CPA; QTR; JAL,,,S2,B,12,,
2026-06-06,arrival,Japan,NRT,2026-06-06 22:05,2026-06-06 22:55,50,At gate 22:55,,JL 735; AA 8417; AS 7331; CX 6323; MH 9119; TN 1900; WS 5910,JAL; AAL; ASA; CPA; MAS; THT; WJA,,,W71,B,17,,
2026-06-06,arrival,Japan,OKA,2026-06-06 22:10,2026-06-06 22:28,18,At gate 22:28,,UO 825; CX 5825,HKE; CPA,,,W122L,A,8,,
2026-06-06,arrival,Japan,NRT,2026-06-06 22:20,2026-06-06 22:32,12,At gate 22:32,,CX 505; QR 3457; JL 7049; AA 8881,CPA; QTR; JAL; AAL,,,N64,A,5,,
2026-06-06,arrival,Japan,NRT,2026-06-06 22:35,2026-06-06 23:01,26,At gate 23:01,,NH 811; AC 6286; NZ 4147; UA 7989,ANA; ACA; ANZ; UAL,,,W69,B,16,,
2026-06-06,arrival,Japan,KIX,2026-06-06 22:40,2026-06-06 22:37,-3,At gate 22:37,,CX 569; JL 7939,CPA; JAL,,,R20,A,3,,
2026-06-06,arrival,South Korea,ICN,2026-06-06 22:45,2026-06-06 22:50,5,At gate 22:50,,KE 2011; DL 7773; VS 5515; WS 6035; AC 6298,KAL; DAL; VIR; WJA; ACA,,,N28,B,13,,
2026-06-06,arrival,South Korea,ICN,2026-06-06 22:45,2026-06-06 23:43,58,At gate 23:43,,ZE 861,ESR,,,N10,B,13,,
2026-06-06,departure,UK,LHR,2026-06-06 22:45,2026-06-06 22:58,13,Dep 22:58,,BA 032; IB 3525,BAW; IBE,T1,7,,,,J,
2026-06-06,departure,UK,LHR,2026-06-06 22:45,2026-06-06 23:16,31,Dep 23:16,,CX 251,CPA,T1,49,,,,BC,
2026-06-06,arrival,South Korea,ICN,2026-06-06 23:00,2026-06-06 23:13,13,At gate 23:13,,CX 419; QR 5845,CPA; QTR,,,W48,A,10,,
2026-06-06,arrival,Japan,FUK,2026-06-06 23:00,2026-06-06 23:16,16,At gate 23:16,,UO 695; CX 5695,HKE; CPA,,,D207,A,7,,
2026-06-06,departure,UK,LHR,2026-06-06 23:05,2026-06-06 23:19,14,Dep 23:19,,CX 237,CPA,T1,40,,,,BC,
2026-06-06,departure,UK,LHR,2026-06-06 23:15,2026-06-06 23:30,15,Dep 23:30,,CX 255,CPA,T1,1,,,,BC,
2026-06-06,arrival,South Korea,ICN,2026-06-06 23:30,2026-06-07 00:17,47,At gate 00:17 (07/06/2026),,OZ 745; HX 1565,AAR; CRK,,,W69,A,10,,
2026-06-06,arrival,South Korea,ICN,2026-06-06 23:35,2026-06-07 00:35,60,At gate 00:35 (07/06/2026),,7C 6013; H1 9930,JJA; HHN,,,W61,A,8,,
2026-06-06,arrival,South Korea,CJU,2026-06-06 23:35,2026-06-07 00:08,33,At gate 00:08 (07/06/2026),,LJ 713,JNA,,,S105,A,10,,
2026-06-06,departure,Japan,HND,2026-06-06 23:35,2026-06-06 23:39,4,Dep 23:39,,UO 624; CX 5624,HKE; CPA,T1,204,,,,H,
2026-06-06,arrival,Japan,KIX,2026-06-06 23:50,2026-06-06 23:45,-5,At gate 23:45,,HX 613; TK 9201; EY 6812,CRK; THY; ETD,,,D316,A,2,,
2026-06-06,arrival,Japan,KIX,2026-06-06 23:50,2026-06-07 00:14,24,At gate 00:14 (07/06/2026),,UO 689,HKE,,,W122R,A,8,,
2026-06-06,arrival,Japan,NRT,2026-06-06 23:55,2026-06-07 00:04,9,At gate 00:04 (07/06/2026),,GK 027,JJP,,,N142,A,2,,
2026-06-06,arrival,Japan,KIX,2026-06-06 23:55,2026-06-07 00:00,5,At gate 00:00 (07/06/2026),,MM 067,APJ,,,S43,A,5,,
2026-06-06,departure,Japan,HND,2026-06-06 23:55,2026-06-07 00:10,15,Dep 00:10 (07/06/2026),,NH 814,ANA,T1,69,,,,E,
